{
  "IcoMoonType": "selection",
  "icons": [
    {
      "icon": {
        "paths": [
          "M512 938.667l-426.667-426.667 426.667-426.667"
        ],
        "attrs": [
          {
            "fill": "none",
            "stroke": "rgb(200, 200, 200)",
            "strokeLinejoin": "round",
            "strokeLinecap": "round",
            "strokeMiterlimit": "4",
            "strokeWidth": 128
          }
        ],
        "width": 597,
        "isMulticolor": false,
        "isMulticolor2": false,
        "grid": 16,
        "tags": [
          "list left"
        ],
        "colorPermutations": {
          "155155155118118118112002002001211211211122822822812342342341254240240125513313312552552551": [
            {
              "s": 3
            }
          ]
        }
      },
      "attrs": [
        {
          "fill": "none",
          "stroke": "rgb(200, 200, 200)",
          "strokeLinejoin": "round",
          "strokeLinecap": "round",
          "strokeMiterlimit": "4",
          "strokeWidth": 128
        }
      ],
      "properties": {
        "order": 12,
        "id": 500,
        "name": "list-left",
        "prevSize": 32
      },
      "setIdx": 0,
      "setId": 1,
      "iconIdx": 0
    },
    {
      "icon": {
        "paths": [
          "M941.722 512h-877.717",
          "M448 896l-384-384 384-384"
        ],
        "attrs": [
          {
            "fill": "none",
            "stroke": "rgb(255, 255, 255)",
            "strokeLinejoin": "round",
            "strokeLinecap": "round",
            "strokeMiterlimit": "4",
            "strokeWidth": 128
          },
          {
            "fill": "none",
            "stroke": "rgb(255, 255, 255)",
            "strokeLinejoin": "round",
            "strokeLinecap": "round",
            "strokeMiterlimit": "4",
            "strokeWidth": 128
          }
        ],
        "isMulticolor": false,
        "isMulticolor2": false,
        "grid": 16,
        "tags": [
          "Group (3)"
        ],
        "colorPermutations": {
          "155155155118118118112002002001211211211122822822812342342341254240240125513313312552552551": [
            {
              "s": 8
            },
            {
              "s": 8
            }
          ]
        }
      },
      "attrs": [
        {
          "fill": "none",
          "stroke": "rgb(255, 255, 255)",
          "strokeLinejoin": "round",
          "strokeLinecap": "round",
          "strokeMiterlimit": "4",
          "strokeWidth": 128
        },
        {
          "fill": "none",
          "stroke": "rgb(255, 255, 255)",
          "strokeLinejoin": "round",
          "strokeLinecap": "round",
          "strokeMiterlimit": "4",
          "strokeWidth": 128
        }
      ],
      "properties": {
        "order": 2,
        "id": 499,
        "name": "Group-3",
        "prevSize": 32
      },
      "setIdx": 0,
      "setId": 1,
      "iconIdx": 1
    },
    {
      "icon": {
        "paths": [
          "M941.722 512h-877.717",
          "M448 896l-384-384 384-384"
        ],
        "attrs": [
          {
            "fill": "none",
            "stroke": "rgb(255, 255, 255)",
            "strokeLinejoin": "round",
            "strokeLinecap": "round",
            "strokeMiterlimit": "4",
            "strokeWidth": 128
          },
          {
            "fill": "none",
            "stroke": "rgb(255, 255, 255)",
            "strokeLinejoin": "round",
            "strokeLinecap": "round",
            "strokeMiterlimit": "4",
            "strokeWidth": 128
          }
        ],
        "isMulticolor": false,
        "isMulticolor2": false,
        "grid": 16,
        "tags": [
          "Group (2)"
        ],
        "colorPermutations": {
          "155155155118118118112002002001211211211122822822812342342341254240240125513313312552552551": [
            {
              "s": 8
            },
            {
              "s": 8
            }
          ]
        }
      },
      "attrs": [
        {
          "fill": "none",
          "stroke": "rgb(255, 255, 255)",
          "strokeLinejoin": "round",
          "strokeLinecap": "round",
          "strokeMiterlimit": "4",
          "strokeWidth": 128
        },
        {
          "fill": "none",
          "stroke": "rgb(255, 255, 255)",
          "strokeLinejoin": "round",
          "strokeLinecap": "round",
          "strokeMiterlimit": "4",
          "strokeWidth": 128
        }
      ],
      "properties": {
        "order": 3,
        "id": 498,
        "name": "Group-2",
        "prevSize": 32
      },
      "setIdx": 0,
      "setId": 1,
      "iconIdx": 2
    },
    {
      "icon": {
        "paths": [
          "M298.667 85.333l426.667 426.667-426.667 426.667"
        ],
        "attrs": [
          {
            "fill": "none",
            "stroke": "rgb(200, 200, 200)",
            "strokeLinejoin": "round",
            "strokeLinecap": "round",
            "strokeMiterlimit": "4",
            "strokeWidth": 128
          }
        ],
        "isMulticolor": false,
        "isMulticolor2": false,
        "grid": 16,
        "tags": [
          "list wright"
        ],
        "colorPermutations": {
          "155155155118118118112002002001211211211122822822812342342341254240240125513313312552552551": [
            {
              "s": 3
            }
          ]
        }
      },
      "attrs": [
        {
          "fill": "none",
          "stroke": "rgb(200, 200, 200)",
          "strokeLinejoin": "round",
          "strokeLinecap": "round",
          "strokeMiterlimit": "4",
          "strokeWidth": 128
        }
      ],
      "properties": {
        "order": 4,
        "id": 497,
        "name": "list-wright",
        "prevSize": 32
      },
      "setIdx": 0,
      "setId": 1,
      "iconIdx": 3
    },
    {
      "icon": {
        "paths": [
          "M887.098 196.771c-21.792-21.802-47.667-39.098-76.147-50.898s-59.002-17.873-89.83-17.873c-30.822 0-61.35 6.074-89.827 17.873-28.479 11.8-54.353 29.096-76.145 50.898l-45.226 45.227-45.227-45.227c-44.019-44.019-103.721-68.748-165.973-68.748s-121.955 24.73-165.974 68.748c-44.019 44.019-68.748 103.721-68.748 165.973s24.73 121.955 68.748 165.974l377.174 377.176 377.176-377.176c21.798-21.793 39.098-47.667 50.893-76.145 11.802-28.478 17.875-59.002 17.875-89.828s-6.074-61.35-17.875-89.828c-11.795-28.478-29.094-54.353-50.893-76.145z"
        ],
        "attrs": [
          {
            "fill": "none",
            "stroke": "rgb(234, 234, 234)",
            "strokeLinejoin": "round",
            "strokeLinecap": "round",
            "strokeMiterlimit": "4",
            "strokeWidth": 76.8
          }
        ],
        "isMulticolor": false,
        "isMulticolor2": false,
        "grid": 16,
        "tags": [
          "heart_icon"
        ],
        "colorPermutations": {
          "155155155118118118112002002001211211211122822822812342342341254240240125513313312552552551": [
            {
              "s": 6
            }
          ]
        }
      },
      "attrs": [
        {
          "fill": "none",
          "stroke": "rgb(234, 234, 234)",
          "strokeLinejoin": "round",
          "strokeLinecap": "round",
          "strokeMiterlimit": "4",
          "strokeWidth": 76.8
        }
      ],
      "properties": {
        "order": 5,
        "id": 496,
        "name": "heart_icon",
        "prevSize": 32
      },
      "setIdx": 0,
      "setId": 1,
      "iconIdx": 4
    },
    {
      "icon": {
        "paths": [
          "M976 976v0zM880 472c0 108.209-42.982 211.987-119.501 288.499-76.512 76.518-180.291 119.501-288.499 119.501s-211.985-42.982-288.5-119.501c-76.515-76.512-119.5-180.291-119.5-288.499s42.986-211.985 119.5-288.5c76.515-76.515 180.291-119.5 288.5-119.5s211.987 42.986 288.499 119.5c76.518 76.515 119.501 180.291 119.501 288.5v0z"
        ],
        "attrs": [
          {
            "fill": "none",
            "stroke": "rgb(228, 228, 228)",
            "strokeLinejoin": "miter",
            "strokeLinecap": "round",
            "strokeMiterlimit": "4",
            "strokeWidth": 128
          }
        ],
        "isMulticolor": false,
        "isMulticolor2": false,
        "grid": 16,
        "tags": [
          "find"
        ],
        "colorPermutations": {
          "155155155118118118112002002001211211211122822822812342342341254240240125513313312552552551": [
            {
              "s": 5
            }
          ]
        }
      },
      "attrs": [
        {
          "fill": "none",
          "stroke": "rgb(228, 228, 228)",
          "strokeLinejoin": "miter",
          "strokeLinecap": "round",
          "strokeMiterlimit": "4",
          "strokeWidth": 128
        }
      ],
      "properties": {
        "order": 6,
        "id": 495,
        "name": "find",
        "prevSize": 32
      },
      "setIdx": 0,
      "setId": 1,
      "iconIdx": 5
    },
    {
      "icon": {
        "paths": [
          "M824.038 95.632c15.587-15.732 36.77-24.655 58.914-24.818s43.452 8.446 59.264 23.947c15.821 15.501 24.858 36.632 25.139 58.776s-8.209 43.5-23.62 59.4l-446.011 557.568c-7.662 8.249-16.909 14.87-27.186 19.467s-21.376 7.076-32.633 7.288c-11.256 0.212-22.441-1.846-32.885-6.052s-19.933-10.474-27.901-18.429l-295.708-295.595c-15.714-15.721-24.539-37.041-24.534-59.269s8.841-43.545 24.562-59.259c15.722-15.713 37.041-24.538 59.27-24.533s43.544 8.841 59.258 24.562l233.871 233.927 387.982-494.364c0.706-0.899 1.465-1.754 2.276-2.56l-0.057-0.057z"
        ],
        "attrs": [
          {
            "fill": "rgb(255, 255, 255)"
          }
        ],
        "isMulticolor": false,
        "isMulticolor2": false,
        "grid": 16,
        "tags": [
          "tick"
        ],
        "colorPermutations": {
          "155155155118118118112002002001211211211122822822812342342341254240240125513313312552552551": [
            {
              "f": 8
            }
          ]
        }
      },
      "attrs": [
        {
          "fill": "rgb(255, 255, 255)"
        }
      ],
      "properties": {
        "order": 7,
        "id": 493,
        "name": "tick",
        "prevSize": 32
      },
      "setIdx": 0,
      "setId": 1,
      "iconIdx": 7
    },
    {
      "icon": {
        "paths": [
          "M64 512h877.715",
          "M557.719 128l384.003 384-384.003 384"
        ],
        "attrs": [
          {
            "fill": "none",
            "stroke": "rgb(255, 255, 255)",
            "strokeLinejoin": "round",
            "strokeLinecap": "round",
            "strokeMiterlimit": "4",
            "strokeWidth": 128
          },
          {
            "fill": "none",
            "stroke": "rgb(255, 255, 255)",
            "strokeLinejoin": "round",
            "strokeLinecap": "round",
            "strokeMiterlimit": "4",
            "strokeWidth": 128
          }
        ],
        "isMulticolor": false,
        "isMulticolor2": false,
        "grid": 16,
        "tags": [
          "Group"
        ],
        "colorPermutations": {
          "155155155118118118112002002001211211211122822822812342342341254240240125513313312552552551": [
            {
              "s": 8
            },
            {
              "s": 8
            }
          ]
        }
      },
      "attrs": [
        {
          "fill": "none",
          "stroke": "rgb(255, 255, 255)",
          "strokeLinejoin": "round",
          "strokeLinecap": "round",
          "strokeMiterlimit": "4",
          "strokeWidth": 128
        },
        {
          "fill": "none",
          "stroke": "rgb(255, 255, 255)",
          "strokeLinejoin": "round",
          "strokeLinecap": "round",
          "strokeMiterlimit": "4",
          "strokeWidth": 128
        }
      ],
      "properties": {
        "order": 8,
        "id": 492,
        "name": "Group",
        "prevSize": 32
      },
      "setIdx": 0,
      "setId": 1,
      "iconIdx": 8
    },
    {
      "icon": {
        "paths": [
          "M386.329 930.908c23.136 0 41.891-18.755 41.891-41.892 0-23.132-18.755-41.887-41.891-41.887s-41.891 18.755-41.891 41.887c0 23.137 18.756 41.892 41.891 41.892z",
          "M847.13 930.908c23.132 0 41.892-18.755 41.892-41.892 0-23.132-18.76-41.887-41.892-41.887-23.137 0-41.892 18.755-41.892 41.887 0 23.137 18.755 41.892 41.892 41.892z",
          "M51.2 51.2h167.564l112.267 560.922c3.831 19.282 14.323 36.608 29.64 48.937 15.316 12.334 34.482 18.883 54.142 18.504h407.177c19.661 0.379 38.83-6.17 54.144-18.504 15.319-12.329 25.81-29.655 29.64-48.937l67.026-351.467h-712.145"
        ],
        "tags": [
          "cart",
          "purchase",
          "ecommerce",
          "shopping"
        ],
        "defaultCode": 59706,
        "grid": 16,
        "attrs": [
          {
            "fill": "none",
            "stroke": "rgb(155, 155, 155)",
            "strokeLinejoin": "round",
            "strokeLinecap": "round",
            "strokeMiterlimit": "4",
            "strokeWidth": 102.4
          },
          {
            "fill": "none",
            "stroke": "rgb(155, 155, 155)",
            "strokeLinejoin": "round",
            "strokeLinecap": "round",
            "strokeMiterlimit": "4",
            "strokeWidth": 102.4
          },
          {
            "fill": "none",
            "stroke": "rgb(155, 155, 155)",
            "strokeLinejoin": "round",
            "strokeLinecap": "round",
            "strokeMiterlimit": "4",
            "strokeWidth": 102.4
          }
        ],
        "colorPermutations": {
          "155155155118118118112002002001211211211122822822812342342341254240240125513313312552552551": [
            {
              "s": 0
            },
            {
              "s": 0
            },
            {
              "s": 0
            }
          ]
        }
      },
      "attrs": [
        {
          "fill": "none",
          "stroke": "rgb(155, 155, 155)",
          "strokeLinejoin": "round",
          "strokeLinecap": "round",
          "strokeMiterlimit": "4",
          "strokeWidth": 102.4
        },
        {
          "fill": "none",
          "stroke": "rgb(155, 155, 155)",
          "strokeLinejoin": "round",
          "strokeLinecap": "round",
          "strokeMiterlimit": "4",
          "strokeWidth": 102.4
        },
        {
          "fill": "none",
          "stroke": "rgb(155, 155, 155)",
          "strokeLinejoin": "round",
          "strokeLinecap": "round",
          "strokeMiterlimit": "4",
          "strokeWidth": 102.4
        }
      ],
      "properties": {
        "ligatures": "cart, purchase",
        "name": "cart",
        "order": 11,
        "id": 59,
        "prevSize": 32
      },
      "setIdx": 0,
      "setId": 1,
      "iconIdx": 67
    },
    {
      "icon": {
        "paths": [
          "M910.106 437.864h-295.525v-295.51c0-113.951-176.725-113.951-176.725 0v295.51h-295.52c-113.926 0-113.926 176.719 0 176.719h295.52v295.514c0 113.946 176.725 113.946 176.725 0v-295.514h295.525c113.937 0 113.937-176.719 0-176.719z"
        ],
        "tags": [
          "plus",
          "add",
          "sum"
        ],
        "defaultCode": 59914,
        "grid": 16,
        "attrs": [
          {
            "fill": "rgb(211, 211, 211)"
          }
        ],
        "colorPermutations": {
          "155155155118118118112002002001211211211122822822812342342341254240240125513313312552552551": [
            {
              "f": 4
            }
          ]
        }
      },
      "attrs": [
        {
          "fill": "rgb(211, 211, 211)"
        }
      ],
      "properties": {
        "ligatures": "plus, add",
        "name": "plus",
        "order": 10,
        "id": 267,
        "prevSize": 32
      },
      "setIdx": 0,
      "setId": 1,
      "iconIdx": 275
    },
    {
      "icon": {
        "paths": [
          "M929.782 779.83l-250.757-250.757 250.749-250.749c96.694-96.691-53.266-246.648-149.957-149.957l-250.749 250.749-250.758-250.758c-96.669-96.669-246.62 53.283-149.951 149.951l250.758 250.758-250.749 250.748c-96.691 96.691 53.265 246.652 149.957 149.958l250.749-250.749 250.757 250.757c96.682 96.686 246.638-53.27 149.951-149.951z"
        ],
        "tags": [
          "cross",
          "cancel",
          "close",
          "quit",
          "remove"
        ],
        "defaultCode": 59919,
        "grid": 16,
        "attrs": [
          {
            "fill": "rgb(181, 181, 181)"
          }
        ],
        "colorPermutations": {
          "155155155118118118112002002001211211211122822822812342342341254240240125513313312552552551": [
            {
              "f": 1
            }
          ]
        }
      },
      "attrs": [
        {
          "fill": "rgb(181, 181, 181)"
        }
      ],
      "properties": {
        "ligatures": "cross, cancel",
        "name": "cross",
        "order": 9,
        "id": 272,
        "prevSize": 32
      },
      "setIdx": 0,
      "setId": 1,
      "iconIdx": 280
    }
  ],
  "height": 1024,
  "preferences": {
    "showGlyphs": true,
    "showQuickUse": true,
    "showQuickUse2": true,
    "showSVGs": true,
    "fontPref": {
      "prefix": "icon-",
      "metadata": {
        "fontFamily": "icomoon"
      },
      "metrics": {
        "emSize": 1024,
        "baseline": 6.25,
        "whitespace": 50
      },
      "embed": false
    },
    "imagePref": {
      "prefix": "icon-",
      "png": true,
      "useClassSelector": true,
      "color": 0,
      "bgColor": 16777215,
      "classSelector": ".icon",
      "name": "icomoon"
    },
    "historySize": 50,
    "showCodes": true,
    "gridSize": 16
  }
}